Date,Open,High,Low,Close,Volume
2014-09-30,32.24,32.54,31.67,31.94,24790809.0
2014-09-29,32.97,33.16,31.98,32.22,19710870.0
2014-09-26,33.04,33.3,32.94,33.17,9417602.0
2014-09-25,33.57,33.65,32.83,32.87,12309199.0
2014-09-24,33.33,33.68,33.02,33.65,10665413.0
2014-09-23,33.24,33.58,33.14,33.22,8731869.0
2014-09-22,33.74,33.84,33.08,33.44,11179986.0
2014-09-19,34.23,34.24,33.77,33.94,14521399.0
2014-09-18,33.93,34.22,33.93,34.03,8930996.0
2014-09-17,33.72,34.14,33.67,33.85,10300998.0
2014-09-16,33.49,33.95,33.45,33.71,11082986.0
2014-09-15,33.16,33.8,33.15,33.63,12509935.0
2014-09-12,33.48,33.6,33.1,33.27,11077878.0
2014-09-11,33.16,33.7,33.15,33.61,10189065.0
2014-09-10,33.12,33.34,33.06,33.29,10470992.0
2014-09-09,33.2,33.3,33.01,33.07,11861015.0
2014-09-08,34.03,34.15,33.15,33.24,22120618.0
2014-09-05,34.59,34.61,34.23,34.58,13671830.0
2014-09-04,34.49,34.92,34.44,34.63,9566331.0
2014-09-03,35.06,35.12,34.46,34.47,11626398.0
2014-09-02,34.88,35.14,34.62,34.8,7825129.0
2014-08-29,34.74,34.85,34.61,34.8,5558114.0
2014-08-28,34.49,34.75,34.22,34.68,5971613.0
2014-08-27,34.92,34.93,34.58,34.71,7118030.0
2014-08-26,34.76,35.0,34.63,34.85,7535007.0
2014-08-25,34.43,34.74,34.31,34.67,9546350.0
2014-08-22,34.51,34.52,34.16,34.24,8665715.0
2014-08-21,34.62,34.73,34.46,34.6,6591929.0
2014-08-20,34.49,34.72,34.3,34.53,9112524.0
2014-08-19,34.69,34.75,34.33,34.57,10422924.0
2014-08-18,34.09,34.44,34.04,34.4,10327204.0
2014-08-15,34.05,34.16,33.51,33.84,14153502.0
2014-08-14,33.81,33.96,33.22,33.95,9956803.0
2014-08-13,33.93,34.07,33.78,33.95,7156084.0
2014-08-12,33.75,34.14,33.55,33.7,10304995.0
2014-08-11,33.64,33.85,33.41,33.8,10873706.0
2014-08-08,33.09,33.56,33.09,33.53,9935602.0
2014-08-07,33.56,33.63,32.8,33.11,13526688.0
2014-08-06,33.23,33.67,33.23,33.4,8715359.0
2014-08-05,33.57,33.8,33.15,33.36,11012536.0
2014-08-04,33.76,34.02,33.5,33.61,11486331.0
2014-08-01,33.79,34.0,33.3,33.44,15343820.0
2014-07-31,34.15,34.24,33.78,33.82,13410713.0
2014-07-30,34.5,34.66,34.01,34.31,18941748.0
2014-07-29,35.01,35.2,34.43,34.45,16560140.0
2014-07-28,35.03,35.09,34.78,34.9,15053589.0
2014-07-25,35.1,35.29,34.56,35.07,28537314.0
2014-07-24,36.67,36.85,35.32,35.74,35694105.0
2014-07-23,37.79,37.92,37.41,37.41,13865052.0
2014-07-22,37.56,37.9,37.53,37.76,9655788.0
2014-07-21,37.38,37.53,37.05,37.43,6633186.0
2014-07-18,37.34,37.42,37.06,37.41,8741972.0
2014-07-17,37.31,37.67,37.01,37.1,11014655.0
2014-07-16,37.77,37.91,37.46,37.48,10954203.0
2014-07-15,37.61,37.95,37.44,37.58,8619649.0
2014-07-14,38.1,38.13,37.56,37.7,9315528.0
2014-07-11,37.72,38.01,37.59,37.95,6203437.0
2014-07-10,37.48,37.9,37.35,37.75,9898910.0
2014-07-09,37.66,38.13,37.63,37.97,11676257.0
2014-07-08,37.41,37.77,37.2,37.58,11786950.0
2014-07-07,37.91,37.91,37.17,37.44,11129925.0
2014-07-03,37.96,38.11,37.72,37.74,6743734.0
2014-07-02,37.5,38.15,37.37,37.74,17672217.0
2014-07-01,36.25,37.64,36.25,37.59,23414138.0
2014-06-30,36.59,36.9,35.98,36.3,20880231.0
2014-06-27,36.73,37.03,36.62,36.62,25428859.0
2014-06-26,36.89,36.97,36.41,36.9,11471585.0
2014-06-25,36.46,37.18,36.45,37.09,12201264.0
2014-06-24,36.62,37.07,36.47,36.58,15032861.0
2014-06-23,36.21,36.8,36.19,36.67,11590338.0
2014-06-20,36.55,36.58,36.1,36.22,14018678.0
2014-06-19,36.35,36.64,36.2,36.37,11277822.0
2014-06-18,36.36,36.47,35.93,36.3,16352008.0
2014-06-17,35.87,36.38,35.62,36.36,13211606.0
2014-06-16,35.49,36.18,35.49,36.06,12603728.0
2014-06-13,35.38,35.78,35.38,35.63,12047101.0
2014-06-12,36.0,36.28,35.49,35.52,16818453.0
2014-06-11,36.23,36.29,35.92,36.12,8868088.0
2014-06-10,36.28,36.7,36.18,36.4,8460743.0
2014-06-09,36.47,36.83,36.34,36.5,10279710.0
2014-06-06,36.07,36.75,35.75,36.55,17642794.0
2014-06-05,36.96,37.04,36.16,36.27,25094529.0
2014-06-04,35.5,36.88,35.35,36.52,33252199.0
2014-06-03,35.12,35.69,34.75,35.26,17795876.0
2014-06-02,34.54,34.9,34.29,34.86,11556876.0
2014-05-30,34.3,34.64,34.2,34.58,14171639.0
2014-05-29,34.6,34.65,34.25,34.45,10881537.0
2014-05-28,34.09,34.62,33.96,34.59,12575767.0
2014-05-27,33.92,33.98,33.77,33.94,8995120.0
2014-05-23,33.49,33.68,33.41,33.63,8268324.0
2014-05-22,33.39,33.7,33.31,33.42,8428152.0
2014-05-21,33.15,33.62,33.1,33.46,12392960.0
2014-05-20,34.16,34.3,32.96,33.07,24894237.0
2014-05-19,33.84,34.35,33.8,34.25,9006134.0
2014-05-16,33.75,34.65,33.49,34.0,21487112.0
2014-05-15,34.61,34.75,33.83,34.36,18088577.0
2014-05-14,35.1,35.11,34.8,34.94,10505305.0
2014-05-13,34.84,35.19,34.6,35.15,9048317.0
2014-05-12,34.38,34.94,34.38,34.82,9499126.0
2014-05-09,34.8,34.9,34.15,34.23,16803486.0
2014-05-08,34.98,35.43,34.73,34.85,10252162.0
2014-05-07,34.96,35.11,34.61,35.07,9271172.0
2014-05-06,35.07,35.14,34.75,34.75,10114725.0
2014-05-05,34.84,34.89,34.63,34.75,8449087.0
2014-05-02,35.03,35.33,34.86,34.97,11397359.0
2014-05-01,34.67,35.4,34.54,34.9,19572572.0
2014-04-30,33.84,34.54,33.84,34.48,14037765.0
2014-04-29,33.7,34.1,33.62,33.99,12088525.0
2014-04-28,33.93,33.94,33.52,33.76,20175895.0
2014-04-25,33.55,34.08,33.55,33.72,16032786.0
2014-04-24,35.5,35.7,33.52,34.17,33352352.0
2014-04-23,34.29,34.61,34.1,34.39,16065667.0
2014-04-22,34.03,34.44,34.0,34.23,12291646.0
2014-04-21,33.95,34.21,33.75,33.98,9909362.0
2014-04-17,33.83,34.09,33.8,33.98,12351182.0
2014-04-16,33.69,33.99,33.32,33.97,18140840.0
2014-04-15,32.81,33.44,32.29,33.36,23450944.0
2014-04-14,32.29,32.88,32.15,32.55,18759667.0
2014-04-11,33.0,33.09,31.7,31.93,45765198.0
2014-04-10,33.71,34.06,33.3,33.3,34304923.0
2014-04-09,33.9,34.24,33.6,33.62,33165365.0
2014-04-08,34.15,34.6,33.85,34.53,20615564.0
2014-04-07,34.67,34.73,33.82,34.11,24348132.0
2014-04-04,35.58,35.7,34.65,34.81,20368865.0
2014-04-03,34.94,35.5,34.73,35.44,20578652.0
2014-04-02,34.65,35.05,34.38,34.88,41863868.0
2014-04-01,34.5,35.14,34.32,34.34,46569829.0
2014-03-31,34.53,34.79,33.95,34.42,24292580.0
2014-03-28,34.64,35.02,34.56,34.73,19175444.0
2014-03-27,34.28,34.99,34.11,34.51,16382930.0
2014-03-26,34.68,34.74,34.2,34.22,16999795.0
2014-03-25,35.13,35.18,34.19,34.51,24817566.0
2014-03-24,34.69,35.17,34.28,35.14,21461500.0
2014-03-21,35.39,35.5,34.78,35.01,24016569.0
2014-03-20,34.79,35.27,34.4,35.26,14456078.0
2014-03-19,35.28,35.33,34.6,34.91,14690931.0
2014-03-18,34.68,35.24,34.5,35.17,21329665.0
2014-03-17,34.14,34.69,33.71,34.63,29702056.0
2014-03-14,33.85,34.56,33.57,34.09,31908641.0
2014-03-13,35.04,35.16,33.87,34.09,39628553.0
2014-03-12,34.76,35.25,34.37,34.86,46333475.0
2014-03-11,37.0,37.12,35.02,35.18,41090952.0
2014-03-10,37.56,37.56,36.76,37.09,17557528.0
2014-03-07,37.94,38.01,37.45,37.69,17560314.0
2014-03-06,37.87,38.05,37.54,37.54,19116622.0
2014-03-05,37.54,38.05,37.33,37.52,28500737.0
2014-03-04,36.53,36.99,36.43,36.93,17934335.0
2014-03-03,35.7,36.59,35.7,36.21,24014745.0
2014-02-28,36.73,36.76,35.89,36.2,44350702.0
2014-02-27,36.56,36.85,35.97,36.77,28752156.0
2014-02-26,35.95,37.13,35.94,36.83,26664315.0
2014-02-25,36.67,36.8,36.0,36.1,22524431.0
2014-02-24,36.7,36.82,36.44,36.55,22112794.0
2014-02-21,36.68,36.75,36.14,36.69,51726927.0
2014-02-20,36.19,36.6,36.0,36.51,18651132.0
2014-02-19,36.22,36.72,36.0,36.03,23070864.0
2014-02-18,36.43,36.49,36.0,36.31,24557168.0
2014-02-14,35.37,36.08,35.25,35.95,22850052.0
2014-02-13,35.17,35.22,34.76,35.2,30512706.0
2014-02-12,35.49,35.65,35.13,35.56,23314571.0
2014-02-11,35.22,35.74,35.19,35.25,23789033.0
2014-02-10,35.91,35.92,34.62,34.9,43300443.0
2014-02-07,35.97,36.46,35.42,36.11,31334321.0
2014-02-06,34.43,35.82,34.36,35.23,53696324.0
2014-02-05,35.84,35.84,34.96,35.24,29456137.0
2014-02-04,35.47,35.98,35.25,35.82,20950002.0
2014-02-03,36.27,36.31,34.91,35.25,38983893.0
2014-01-31,36.22,36.84,35.88,36.08,27212019.0
2014-01-30,36.88,37.07,36.48,36.84,15484212.0
2014-01-29,36.06,36.96,36.01,36.35,17526021.0
2014-01-28,37.16,37.2,36.72,36.81,15932874.0
2014-01-27,36.8,37.28,36.06,36.76,33922905.0
2014-01-24,38.07,38.11,36.7,36.83,39671978.0
2014-01-23,38.34,38.5,37.91,38.42,20559316.0
2014-01-22,38.4,38.82,38.12,38.8,16904726.0
2014-01-21,38.89,39.0,37.9,38.34,30790088.0
2014-01-17,39.07,39.1,38.33,38.6,28012924.0
2014-01-16,39.3,39.55,38.76,39.0,36095485.0
2014-01-15,39.63,39.77,38.96,39.38,89213832.0
2014-01-14,39.77,40.16,39.57,40.02,17565955.0
2014-01-13,40.16,40.64,39.44,39.58,20995498.0
2014-01-10,40.6,40.68,39.84,40.03,14605635.0
2014-01-09,40.88,40.94,40.28,40.49,9792633.0
2014-01-08,40.33,40.84,40.2,40.42,11344528.0
2014-01-07,40.7,40.94,40.1,40.2,14157364.0
2014-01-06,39.9,40.58,39.64,40.4,25066845.0
2014-01-03,40.92,40.95,39.0,39.57,41430487.0
2014-01-02,40.68,41.06,40.34,40.95,14764415.0
2013-12-31,40.7,41.04,40.58,40.87,11102142.0
2013-12-30,41.0,41.13,40.65,40.69,8737741.0
2013-12-27,41.31,41.44,40.86,40.94,10052743.0
2013-12-26,41.04,41.85,41.04,41.52,11169500.0
2013-12-24,41.25,41.31,40.83,40.88,7605320.0
2013-12-23,40.9,41.58,40.61,41.29,20370038.0
2013-12-20,40.57,41.05,40.18,40.99,49656971.0
2013-12-19,41.18,41.27,40.08,40.3,25215488.0
2013-12-18,41.17,41.4,39.86,41.27,51850685.0
2013-12-17,41.66,41.85,41.14,41.53,28297456.0
2013-12-16,40.57,41.55,40.46,41.44,33583213.0
2013-12-13,40.24,40.35,40.02,40.04,14885877.0
2013-12-12,40.09,40.61,40.01,40.05,18900523.0
2013-12-11,40.76,40.83,40.07,40.16,16384847.0
2013-12-10,40.55,41.13,40.4,40.4,32542344.0
2013-12-09,40.42,41.16,40.31,40.9,29291072.0
2013-12-06,39.99,40.38,39.6,40.17,37909514.0
2013-12-05,38.99,39.34,38.55,39.09,34590433.0
2013-12-04,38.53,39.62,38.12,38.71,39730069.0
2013-12-03,38.89,39.09,37.68,38.14,44843977.0
2013-12-02,39.1,39.39,38.91,39.11,21200559.0
2013-11-29,38.9,39.15,38.5,38.73,7672093.0
2013-11-27,37.71,38.99,37.6,38.85,27415786.0
2013-11-26,37.7,37.94,37.4,37.67,22798634.0
2013-11-25,37.75,37.86,37.39,37.55,21111360.0
2013-11-22,38.2,38.5,37.58,37.63,26780451.0
2013-11-21,38.85,39.0,38.04,38.12,33903893.0
2013-11-20,38.11,38.71,37.6,37.69,16898679.0
2013-11-19,38.57,38.74,37.89,38.01,19843069.0
2013-11-18,38.81,39.18,38.53,38.57,16792403.0
2013-11-15,38.51,39.08,38.2,38.77,21699113.0
2013-11-14,38.7,38.8,38.15,38.5,28495111.0
2013-11-13,36.5,38.52,36.48,38.44,43860192.0
2013-11-12,36.67,36.8,36.37,36.66,14363833.0
2013-11-11,36.68,37.09,36.5,36.68,13666468.0
2013-11-08,36.15,36.77,36.01,36.66,18203136.0
2013-11-07,36.61,36.75,35.91,35.92,19893826.0
2013-11-06,37.24,37.4,36.57,36.59,16166017.0
2013-11-05,37.28,37.51,37.07,37.09,15198041.0
2013-11-04,37.5,37.8,37.41,37.47,18005295.0
2013-11-01,37.17,38.21,37.05,37.39,30765422.0
2013-10-31,37.18,37.99,36.95,36.95,28106726.0
2013-10-30,37.2,37.55,36.78,37.23,42130010.0
2013-10-29,35.82,36.18,35.5,36.06,24055037.0
2013-10-28,35.44,35.97,35.43,35.8,12985146.0
2013-10-25,35.67,35.77,35.32,35.59,12849146.0
2013-10-24,35.49,36.03,35.1,35.63,19286980.0
2013-10-23,35.38,35.39,34.53,35.05,17307607.0
2013-10-22,35.62,36.13,35.37,35.41,17013425.0
2013-10-21,36.26,36.26,35.34,35.5,13451684.0
2013-10-18,36.21,36.3,35.68,35.89,14638468.0
2013-10-17,35.16,35.79,34.96,35.66,12602908.0
2013-10-16,35.02,35.21,34.78,35.13,15529562.0
2013-10-15,35.28,35.38,34.51,34.7,13708431.0
2013-10-14,34.83,35.44,34.81,35.33,11193412.0
2013-10-11,34.79,35.52,34.66,35.35,15406658.0
2013-10-10,34.74,34.89,34.61,34.85,18041926.0
2013-10-09,34.33,34.39,33.92,34.16,21109890.0
2013-10-08,35.25,35.27,34.17,34.21,23658361.0
2013-10-07,35.23,35.52,35.02,35.18,12181024.0
2013-10-04,35.44,35.8,35.13,35.7,13811139.0
2013-10-03,35.76,35.94,35.13,35.29,15001153.0
2013-10-02,35.74,36.0,35.23,35.94,19460420.0
2013-10-01,36.04,36.41,35.32,35.91,21890705.0
2013-09-30,35.71,36.32,35.62,35.97,17724441.0
2013-09-27,36.77,36.9,36.16,36.37,14249679.0
2013-09-26,37.19,37.35,36.76,36.95,14030772.0
2013-09-25,37.53,37.78,37.16,37.18,15115863.0
2013-09-24,37.16,37.97,37.06,37.44,23723710.0
2013-09-23,37.15,37.5,36.55,37.13,18487372.0
2013-09-20,37.64,37.68,36.83,36.83,35724922.0
2013-09-19,37.84,37.88,37.16,37.23,16824413.0
2013-09-18,36.76,37.73,36.71,37.58,21446371.0
2013-09-17,36.32,36.98,36.32,36.71,12992266.0
2013-09-16,36.47,36.62,36.15,36.22,14820639.0
2013-09-13,36.49,36.55,35.99,36.06,12643031.0
2013-09-12,36.37,36.56,35.88,36.37,15745180.0
2013-09-11,36.53,36.6,36.02,36.35,27012923.0
2013-09-10,36.94,37.27,36.72,37.0,10626974.0
2013-09-09,36.34,36.7,36.25,36.48,13515477.0
2013-09-06,36.4,36.62,35.61,36.15,14245154.0
2013-09-05,36.01,36.79,35.87,36.33,18635818.0
2013-09-04,34.2,35.9,34.17,35.85,23040742.0
2013-09-03,34.68,34.77,33.96,34.14,10912254.0
2013-08-30,34.5,34.54,33.9,34.08,8099717.0
2013-08-29,33.82,34.69,33.81,34.45,10558312.0
2013-08-28,33.57,34.16,33.5,33.92,9116450.0
2013-08-27,34.44,34.61,33.62,33.69,11906107.0
2013-08-26,35.03,35.52,34.85,34.92,10831745.0
2013-08-23,35.14,35.22,34.86,35.06,7487040.0
2013-08-22,34.66,35.05,34.65,34.99,9572186.0
2013-08-21,34.78,34.95,34.39,34.53,9798641.0
2013-08-20,34.56,34.91,34.05,34.79,13766894.0
2013-08-19,34.56,34.83,34.42,34.49,9211613.0
2013-08-16,34.59,34.91,34.18,34.38,12499031.0
2013-08-15,35.17,35.18,34.41,34.55,20384791.0
2013-08-14,35.84,36.01,35.21,35.57,11341555.0
2013-08-13,36.21,36.21,35.59,35.84,7145952.0
2013-08-12,35.76,36.1,35.6,35.98,8441858.0
2013-08-09,35.96,36.27,35.7,36.02,7706722.0
2013-08-08,35.61,36.11,35.57,36.01,14457689.0
2013-08-07,36.01,36.1,35.43,35.48,19403584.0
2013-08-06,36.44,36.49,35.96,35.96,13486181.0
2013-08-05,37.03,37.05,36.64,36.75,7151502.0
2013-08-02,36.44,37.18,36.34,36.95,11913042.0
2013-08-01,36.39,36.86,36.01,36.47,16150164.0
2013-07-31,36.62,36.72,35.67,35.87,20697474.0
2013-07-30,36.53,36.78,36.32,36.5,12244683.0
2013-07-29,36.57,36.67,36.15,36.38,8407926.0
2013-07-26,36.93,37.0,36.46,36.67,15897647.0
2013-07-25,37.47,37.71,36.51,37.08,18098608.0
2013-07-24,37.1,37.45,36.87,37.14,15200519.0
2013-07-23,36.89,36.95,36.52,36.61,9300223.0
2013-07-22,36.62,36.99,36.48,36.76,11260667.0
2013-07-19,36.89,36.89,36.06,36.61,11618062.0
2013-07-18,36.5,36.99,36.33,36.84,10682149.0
2013-07-17,36.23,36.56,36.08,36.36,10943319.0
2013-07-16,36.87,36.94,35.76,36.18,16275865.0
2013-07-15,36.6,36.72,36.28,36.5,8968885.0
2013-07-12,36.09,36.58,35.91,36.4,10747027.0
2013-07-11,35.72,36.2,35.64,36.14,13247413.0
2013-07-10,34.9,35.34,34.84,35.33,11820587.0
2013-07-09,34.9,35.25,34.72,34.92,7243286.0
2013-07-08,34.78,35.02,34.54,34.64,11235206.0
2013-07-05,34.35,34.83,34.24,34.67,7107755.0
2013-07-03,33.94,34.4,33.76,34.14,5715638.0
2013-07-02,34.04,34.94,33.82,34.1,15172268.0
2013-07-01,33.52,34.19,33.41,34.0,10311299.0
2013-06-28,33.02,33.72,32.8,33.31,15817271.0
2013-06-27,32.92,33.5,32.78,33.1,11004377.0
2013-06-26,32.18,32.7,32.03,32.55,10375791.0
2013-06-25,31.75,32.02,31.54,31.82,9268962.0
2013-06-24,31.76,31.84,31.13,31.42,18972879.0
2013-06-21,32.96,32.97,31.74,32.21,19000708.0
2013-06-20,33.41,33.41,32.28,32.56,29112580.0
2013-06-19,34.02,34.25,33.65,33.66,8429133.0
2013-06-18,33.8,34.06,33.44,34.01,9926717.0
2013-06-17,34.5,34.56,33.6,33.73,10195407.0
2013-06-14,34.46,34.62,34.09,34.29,9986614.0
2013-06-13,33.36,34.51,33.1,34.5,15614853.0
2013-06-12,34.28,34.46,33.24,33.45,13643136.0
2013-06-11,34.37,34.49,33.59,33.93,16895643.0
2013-06-10,35.18,35.24,34.52,34.74,15222612.0
2013-06-07,34.79,35.1,34.0,35.03,30684372.0
2013-06-06,34.11,34.53,33.78,34.44,79855029.0
2013-06-05,35.0,35.07,34.0,34.02,22346161.0
2013-06-04,35.4,35.49,34.75,34.96,30517532.0
2013-06-03,34.57,34.69,33.38,34.42,17794525.0
2013-05-31,34.53,34.78,33.89,33.89,10139602.0
2013-05-30,34.04,34.91,33.87,34.64,15085252.0
2013-05-29,33.71,34.3,33.45,34.05,10869281.0
2013-05-28,34.0,34.3,33.75,33.96,16969652.0
2013-05-24,32.55,33.0,32.51,32.87,5861202.0
2013-05-23,32.33,33.11,32.1,32.85,10537248.0
2013-05-22,33.22,33.93,32.99,33.23,13238389.0
2013-05-21,33.59,33.96,32.88,33.4,13791764.0
2013-05-20,33.37,34.01,33.36,33.7,15263560.0
2013-05-17,32.99,33.77,32.81,33.42,20904054.0
2013-05-16,32.09,32.67,32.0,32.39,10425265.0
2013-05-15,31.55,32.4,31.51,32.31,15085956.0
2013-05-14,31.02,31.7,31.01,31.55,10683395.0
2013-05-13,31.16,31.35,30.86,31.0,8098076.0
2013-05-10,31.55,31.7,30.97,31.42,12811341.0
2013-05-09,32.01,32.16,31.62,31.65,10862827.0
2013-05-08,31.41,32.19,31.09,32.08,9991621.0
2013-05-07,31.92,32.13,31.46,31.65,11429744.0
2013-05-06,32.02,32.22,31.78,31.82,8502644.0
2013-05-03,31.74,32.44,31.63,32.1,12497841.0
2013-05-02,31.3,31.82,31.05,31.16,19125881.0
2013-05-01,30.77,31.08,30.11,30.18,10396249.0
2013-04-30,30.77,30.97,30.57,30.84,8118396.0
2013-04-29,30.62,30.9,30.42,30.79,6197872.0
2013-04-26,30.79,30.8,30.03,30.5,13738736.0
2013-04-25,30.06,30.78,30.0,30.71,14508421.0
2013-04-24,29.91,30.8,29.86,30.45,21510903.0
2013-04-23,29.34,29.92,29.28,29.85,8456833.0
2013-04-22,29.2,29.34,28.85,29.25,6766935.0
2013-04-19,29.1,29.26,28.9,29.15,7183650.0
2013-04-18,29.25,29.38,28.75,28.98,11121392.0
2013-04-17,29.03,29.33,28.77,29.27,10670470.0
2013-04-16,29.17,29.52,29.17,29.47,8007748.0
2013-04-15,29.41,29.69,28.84,28.91,14080703.0
2013-04-12,29.57,29.84,29.55,29.62,15619284.0
2013-04-11,28.49,29.76,28.44,29.72,22305942.0
2013-04-10,27.69,28.51,27.68,28.37,12928350.0
2013-04-09,27.77,27.78,27.5,27.53,9682252.0
2013-04-08,27.48,27.64,27.4,27.59,11572829.0
2013-04-05,27.38,27.56,27.11,27.52,11792722.0
2013-04-04,27.75,28.0,27.51,27.74,8572227.0
2013-04-03,28.0,28.1,27.66,27.8,11199677.0
2013-04-02,27.96,28.3,27.53,27.93,16188421.0
2013-04-01,27.65,28.09,27.65,27.8,8838307.0
2013-03-28,28.02,28.09,27.64,27.82,9330939.0
2013-03-27,28.05,28.27,27.96,28.06,5444328.0
2013-03-26,28.28,28.35,27.99,28.15,6876418.0
2013-03-25,28.39,28.48,28.02,28.16,6670235.0
2013-03-22,28.62,28.71,27.96,28.22,12673237.0
2013-03-21,28.91,29.17,28.57,28.63,13451955.0
2013-03-20,28.25,29.3,28.19,29.2,25484894.0
2013-03-19,28.1,28.2,27.9,28.1,12749460.0
2013-03-18,27.95,28.15,27.73,28.04,13759486.0
2013-03-15,27.96,28.26,27.8,28.21,12115378.0
2013-03-14,28.05,28.23,28.04,28.16,6441115.0
2013-03-13,28.38,28.38,28.05,28.07,10287325.0
2013-03-12,28.26,28.64,28.09,28.37,10690688.0
2013-03-11,27.95,28.39,27.55,28.31,19122052.0
2013-03-08,27.91,28.19,27.89,28.0,5910491.0
2013-03-07,27.86,28.14,27.79,27.88,9429820.0
2013-03-06,27.76,27.96,27.62,27.91,9002872.0
2013-03-05,27.22,27.79,27.19,27.58,9200331.0
2013-03-04,27.14,27.29,26.99,27.09,6586922.0
2013-03-01,26.83,27.49,26.75,27.21,9018734.0
2013-02-28,27.5,27.57,26.89,27.15,10310570.0
2013-02-27,26.8,27.58,26.72,27.4,13116386.0
2013-02-26,26.65,26.85,26.19,26.83,13364433.0
2013-02-25,27.11,27.17,26.33,26.33,11123563.0
2013-02-22,26.4,27.12,26.31,27.11,9287457.0
2013-02-21,27.02,27.04,26.33,26.51,13894228.0
2013-02-20,27.81,27.81,27.05,27.1,7247185.0
2013-02-19,27.69,27.8,27.46,27.68,7091448.0
2013-02-15,27.59,27.92,27.22,27.76,12861243.0
2013-02-14,28.74,29.36,27.67,27.75,19233280.0
2013-02-13,28.75,28.87,28.44,28.67,9286307.0
2013-02-12,28.43,28.75,28.24,28.55,7175543.0
2013-02-11,28.51,28.65,28.35,28.53,5589830.0
2013-02-08,28.54,28.73,28.5,28.57,6317345.0
2013-02-07,28.68,28.91,28.03,28.47,10493430.0
2013-02-06,28.35,28.6,28.22,28.52,7010404.0
2013-02-05,28.03,28.6,28.03,28.59,11097467.0
2013-02-04,27.89,28.2,27.88,27.96,6511765.0
2013-02-01,28.39,28.5,28.08,28.17,10713724.0
2013-01-31,27.8,28.14,27.61,28.09,8686904.0
2013-01-30,28.28,28.65,27.77,27.94,11230877.0
2013-01-29,28.8,28.82,28.16,28.45,13061762.0
2013-01-28,29.05,29.15,28.61,28.83,7038485.0
2013-01-25,28.96,29.16,28.87,29.07,10258393.0
2013-01-24,28.59,28.98,28.35,28.78,8399983.0
2013-01-23,28.58,28.84,26.62,28.57,11356484.0
2013-01-22,29.19,29.27,28.38,28.63,18539847.0
2013-01-18,29.44,29.53,28.88,29.28,9995254.0
2013-01-17,29.48,29.65,29.19,29.49,12065396.0
2013-01-16,29.57,29.73,28.83,29.31,28301367.0
2013-01-15,30.11,30.68,29.95,30.6,7500212.0
2013-01-14,30.15,30.39,29.89,30.33,6634631.0
2013-01-11,30.38,30.6,30.11,30.36,6870332.0
2013-01-10,30.28,30.45,29.78,30.44,12116682.0
2013-01-09,29.58,30.28,29.56,29.97,13342390.0
2013-01-08,29.66,29.85,29.05,29.37,10435209.0
2013-01-07,29.64,29.86,29.3,29.66,8385584.0
2013-01-04,29.74,29.86,29.23,29.86,8067246.0
2013-01-03,29.05,30.23,28.84,29.82,22904960.0
2013-01-02,29.41,29.5,28.63,29.13,15607784.0
2012-12-31,27.76,28.9,27.62,28.83,13244194.0
2012-12-28,27.66,27.94,27.55,27.85,5133472.0
2012-12-27,27.74,27.99,27.42,27.96,9431123.0
2012-12-26,27.63,27.95,27.49,27.62,7006110.0
2012-12-24,27.31,27.74,27.31,27.66,4878268.0
2012-12-21,26.74,27.38,26.54,27.32,8774683.0
2012-12-20,27.0,27.48,26.87,27.34,15768810.0
2012-12-19,27.44,27.9,26.86,27.18,54877822.0
2012-12-18,24.98,25.54,24.8,25.49,9592645.0
2012-12-17,24.67,24.9,24.65,24.85,7130998.0
2012-12-14,25.08,25.11,24.4,24.61,9661308.0
2012-12-13,25.56,25.83,24.9,25.12,7737713.0
2012-12-12,25.54,26.06,25.44,25.63,8395468.0
2012-12-11,25.31,25.5,25.11,25.45,5709243.0
2012-12-10,25.06,25.41,25.04,25.28,5931805.0
2012-12-07,24.76,25.21,24.57,25.19,9060203.0
2012-12-06,24.91,25.0,24.46,24.57,9708813.0
2012-12-05,25.37,25.6,24.94,25.0,7655662.0
2012-12-04,25.34,25.5,24.52,25.41,12633812.0
2012-12-03,26.06,26.36,25.46,25.51,11333078.0
2012-11-30,25.89,26.17,25.58,25.88,6539562.0
2012-11-29,25.61,26.24,25.51,26.09,10013546.0
2012-11-28,24.69,25.3,24.64,25.28,5313624.0
2012-11-27,25.14,25.35,25.0,25.01,5822654.0
2012-11-26,25.17,25.41,24.95,25.23,6460373.0
2012-11-23,24.96,25.42,24.86,25.21,4595863.0
2012-11-21,24.57,24.97,24.43,24.6,4908132.0
2012-11-20,24.9,24.94,24.38,24.6,6578630.0
2012-11-19,24.27,24.94,24.13,24.93,7996780.0
2012-11-16,23.92,23.98,23.39,23.85,9647914.0
2012-11-15,24.18,24.19,23.54,23.88,9371645.0
2012-11-14,24.93,24.99,24.1,24.17,9587988.0
2012-11-13,24.89,25.18,24.75,24.82,9697878.0
2012-11-12,25.05,25.38,25.05,25.26,5297083.0
2012-11-09,24.38,25.28,24.38,25.04,7648965.0
2012-11-08,25.22,25.5,24.7,24.72,5240772.0
2012-11-07,25.64,25.67,24.92,25.03,11106291.0
2012-11-06,25.59,26.27,25.45,26.19,10888597.0
2012-11-05,25.44,25.99,25.35,25.57,7681998.0
2012-11-02,25.81,25.99,25.55,25.79,9920747.0
2012-11-01,25.53,25.85,24.91,25.68,14562083.0
2012-10-31,24.3,25.72,23.9,25.5,24707696.0
2012-10-26,23.61,23.9,23.19,23.28,10147591.0
2012-10-25,23.98,24.27,23.58,23.63,11877786.0
2012-10-24,24.15,24.27,23.66,23.69,6230780.0
2012-10-23,24.07,24.1,23.73,23.87,8196120.0
2012-10-22,24.56,24.85,24.28,24.62,7068140.0
2012-10-19,25.43,25.5,24.55,24.59,10454244.0
2012-10-18,25.09,25.72,24.96,25.56,9762844.0
2012-10-17,24.9,25.13,24.6,25.06,6002611.0
2012-10-16,24.52,24.85,24.41,24.79,4252042.0
2012-10-15,24.51,24.58,24.33,24.48,5114225.0
2012-10-12,24.56,24.83,24.33,24.44,4230206.0
2012-10-11,24.41,24.99,24.23,24.66,8771607.0
2012-10-10,24.41,24.58,24.1,24.23,6049247.0
2012-10-09,24.74,24.86,24.26,24.37,7209905.0
2012-10-08,24.79,24.81,24.51,24.57,6250096.0
2012-10-05,24.88,25.43,24.57,24.8,14252178.0
2012-10-04,24.55,24.67,24.32,24.65,8693653.0
2012-10-03,23.71,24.6,23.66,24.39,14739379.0
2012-10-02,23.5,24.1,22.67,23.68,21403400.0
2012-10-01,23.0,23.41,22.85,23.09,7583579.0
2012-09-28,23.0,23.1,22.71,22.75,8614691.0
2012-09-27,23.67,23.7,23.14,23.18,6843378.0
2012-09-26,23.25,23.73,22.85,23.39,8329550.0
2012-09-25,24.43,24.5,23.28,23.52,10327026.0
2012-09-24,24.51,24.68,24.12,24.36,5689590.0
2012-09-21,24.54,24.89,24.5,24.8,12218752.0
2012-09-20,24.34,24.54,23.91,24.42,7415692.0
2012-09-19,24.36,25.15,24.32,24.75,16033550.0
2012-09-18,24.29,24.45,24.02,24.43,11309398.0
2012-09-17,23.92,23.95,23.73,23.8,6100060.0
2012-09-14,23.69,24.33,23.63,24.14,11882250.0
2012-09-13,23.05,23.68,22.82,23.53,9479940.0
2012-09-12,23.14,23.33,23.05,23.13,5200997.0
2012-09-11,22.98,23.25,22.88,22.97,5442686.0
2012-09-10,23.28,23.42,22.94,22.98,8158170.0
2012-09-07,22.55,23.42,22.54,23.37,12908742.0
2012-09-06,21.79,22.73,21.75,22.45,12486608.0
2012-09-05,21.22,21.76,21.02,21.76,7932976.0
2012-09-04,21.25,21.5,21.02,21.31,7505299.0
2012-08-31,21.3,21.48,21.1,21.35,5826126.0
2012-08-30,21.25,21.26,21.02,21.11,3882797.0
2012-08-29,20.9,21.64,20.86,21.3,9624980.0
2012-08-28,21.0,21.25,20.91,20.94,5784596.0
2012-08-27,21.2,21.37,21.0,21.22,6216333.0
2012-08-24,21.21,21.36,21.07,21.18,5443233.0
2012-08-23,21.61,21.61,21.22,21.34,8960470.0
2012-08-22,21.58,21.75,21.14,21.73,7180474.0
2012-08-21,21.95,22.06,21.52,21.63,6545151.0
2012-08-20,21.75,22.02,21.66,21.87,6615744.0
2012-08-17,21.35,22.14,21.34,22.01,17952284.0
2012-08-16,20.12,21.46,20.12,21.33,14410920.0
2012-08-15,20.21,20.36,19.98,20.14,6498558.0
2012-08-14,20.63,20.79,20.1,20.21,7681037.0
2012-08-13,20.52,20.8,20.36,20.47,4027069.0
2012-08-10,20.52,20.7,20.31,20.54,3903418.0
2012-08-09,20.37,20.82,20.21,20.65,6653546.0
2012-08-08,20.14,20.45,20.05,20.38,4703045.0
2012-08-07,19.92,20.52,19.92,20.42,9577638.0
2012-08-06,20.05,20.1,19.76,19.85,6206054.0
2012-08-03,19.26,20.1,19.25,20.04,9394900.0
2012-08-02,19.59,20.06,18.93,19.14,10881246.0
2012-08-01,19.78,20.58,19.43,19.66,14832679.0
2012-07-31,19.46,19.77,19.37,19.71,5608310.0
2012-07-30,19.55,19.65,19.3,19.36,4219176.0
2012-07-27,19.14,19.69,19.07,19.67,6804357.0
2012-07-26,19.02,19.15,18.75,19.11,5577777.0
2012-07-25,19.1,19.13,18.72,18.8,6778248.0
2012-07-24,19.25,19.38,18.85,19.02,8203264.0
2012-07-23,19.09,19.36,18.85,19.3,8766837.0
2012-07-20,20.02,20.16,19.33,19.36,8800991.0
2012-07-19,20.12,20.34,20.07,20.14,6855617.0
2012-07-18,19.62,20.21,19.57,20.07,8770370.0
2012-07-17,19.55,19.6,19.3,19.6,7951109.0
2012-07-16,19.47,19.55,19.23,19.38,9066426.0
2012-07-13,19.33,19.71,19.27,19.62,7474686.0
2012-07-12,19.61,19.77,19.22,19.33,14116915.0
2012-07-11,19.75,20.01,19.6,19.9,6672881.0
2012-07-10,20.25,20.48,19.73,19.8,9807765.0
2012-07-09,20.21,20.4,20.05,20.22,5520313.0
2012-07-06,20.35,20.6,20.05,20.31,6512984.0
2012-07-05,20.75,21.21,20.54,20.54,8076418.0
2012-07-03,19.8,21.12,19.67,20.67,10718756.0
2012-07-02,19.7,19.74,19.3,19.57,6310753.0
2012-06-29,20.0,20.0,19.24,19.72,13454771.0
2012-06-28,19.64,19.92,19.49,19.82,11226175.0
2012-06-27,19.83,19.98,19.62,19.66,8316218.0
2012-06-26,19.94,20.04,19.62,19.85,8922954.0
2012-06-25,20.32,20.39,19.91,19.91,9975631.0
2012-06-22,20.95,20.95,20.46,20.6,6987221.0
2012-06-21,21.45,21.5,20.6,20.64,9193675.0
2012-06-20,21.78,21.82,21.28,21.48,8589244.0
2012-06-19,21.43,22.0,21.4,21.74,7769399.0
2012-06-18,21.54,21.72,21.38,21.43,6394862.0
2012-06-15,21.76,21.81,21.42,21.74,5714285.0
2012-06-14,21.84,21.99,21.58,21.8,4535233.0
2012-06-13,22.04,22.17,21.74,21.87,8588013.0
2012-06-12,21.92,22.2,21.68,22.17,6100138.0
2012-06-11,22.28,22.3,21.9,21.92,6050799.0
2012-06-08,21.85,22.09,21.5,22.05,4259052.0
2012-06-07,22.11,22.38,21.76,21.85,5951124.0
2012-06-06,21.43,21.94,21.34,21.83,6122991.0
2012-06-05,20.98,21.47,20.97,21.25,5646480.0
2012-06-04,22.01,22.04,20.66,21.11,15425255.0
2012-06-01,21.65,23.34,21.45,22.01,29622188.0
2012-05-31,22.26,22.41,22.0,22.2,6010240.0
2012-05-30,22.5,22.5,21.98,22.37,7369443.0
2012-05-29,22.62,22.93,22.59,22.85,9790926.0
2012-05-25,22.04,22.46,22.0,22.44,5661960.0
2012-05-24,21.98,22.13,21.82,22.04,5093368.0
2012-05-23,21.33,22.2,21.32,22.13,8340428.0
2012-05-22,21.71,21.9,21.34,21.5,7021772.0
2012-05-21,21.34,21.68,21.26,21.54,6296198.0
2012-05-18,21.54,21.69,21.09,21.18,7533105.0
2012-05-17,21.94,22.27,21.55,21.61,12135190.0
2012-05-16,22.05,22.62,21.85,21.91,13640408.0
2012-05-15,21.57,21.83,21.34,21.42,7410436.0
2012-05-14,21.75,21.96,21.6,21.63,9665394.0
2012-05-11,22.0,22.54,21.98,22.0,8045621.0
2012-05-10,22.69,22.89,22.34,22.37,7235033.0
2012-05-09,21.88,22.8,21.85,22.44,9813434.0
2012-05-08,22.25,22.35,21.87,22.23,9318470.0
2012-05-07,21.87,22.5,21.85,22.41,7853458.0
2012-05-04,22.2,22.41,21.82,22.36,14830971.0
2012-05-03,23.13,23.19,22.19,22.37,22816969.0
2012-05-02,23.19,23.25,22.63,22.93,14485852.0
2012-05-01,23.04,23.48,22.6,23.31,10152761.0
2012-04-30,23.38,23.49,22.8,23.0,8279244.0
2012-04-27,23.81,24.09,23.34,23.53,9845514.0
2012-04-26,23.16,23.75,23.16,23.72,8132944.0
2012-04-25,23.15,23.36,22.89,23.31,5549274.0
2012-04-24,23.02,23.4,22.88,22.89,8683672.0
2012-04-23,23.17,23.3,22.9,22.95,16189309.0
2012-04-20,24.06,24.06,23.52,23.6,12948386.0
2012-04-19,24.09,24.87,23.87,24.01,11207484.0
2012-04-18,23.87,24.29,23.75,24.15,6253771.0
2012-04-17,23.59,24.54,23.55,24.04,10259798.0
2012-04-16,23.78,23.93,23.36,23.42,7528453.0
2012-04-13,24.22,24.29,23.62,23.8,7311803.0
2012-04-12,24.05,24.49,24.0,24.3,5042815.0
2012-04-11,23.84,24.28,23.82,24.03,9262255.0
2012-04-10,24.11,24.14,23.29,23.71,11856286.0
2012-04-09,24.22,24.4,24.03,24.2,7250354.0
2012-04-05,24.99,25.18,24.61,24.81,8211238.0
2012-04-04,25.1,25.4,24.9,25.1,9786135.0
2012-04-03,26.64,27.03,25.27,25.54,26415524.0
2012-04-02,26.03,26.91,25.98,26.76,14472891.0
2012-03-30,25.49,25.78,25.11,25.65,6038885.0
2012-03-29,25.02,25.37,24.94,25.31,6433808.0
2012-03-28,25.41,25.48,25.02,25.15,5161973.0
2012-03-27,25.42,25.85,25.34,25.35,6632450.0
2012-03-26,25.23,25.63,25.14,25.58,7957639.0
2012-03-23,25.04,25.32,24.77,25.17,5802727.0
2012-03-22,25.01,25.26,24.87,25.05,5605737.0
2012-03-21,25.17,25.49,25.1,25.29,6122770.0
2012-03-20,25.1,25.42,24.6,25.09,10819373.0
2012-03-19,25.5,25.7,25.24,25.39,5463396.0
2012-03-16,26.07,26.07,25.26,25.57,11752664.0
2012-03-15,26.37,26.58,25.88,26.05,10133685.0
2012-03-14,26.13,26.59,26.0,26.32,9082524.0
2012-03-13,25.48,26.1,25.33,26.07,8361201.0
2012-03-12,25.62,25.71,25.15,25.39,4006397.0
2012-03-09,25.7,25.82,25.39,25.62,6323564.0
2012-03-08,25.37,25.59,25.1,25.45,8646605.0
2012-03-07,24.75,25.21,24.75,24.88,6888724.0
2012-03-06,25.31,25.34,24.38,24.58,19072503.0
2012-03-05,26.27,26.4,25.8,26.0,7650458.0
2012-03-02,26.55,26.75,26.36,26.45,8465653.0
2012-03-01,26.19,26.8,26.15,26.47,8898154.0
2012-02-29,26.07,26.55,25.92,26.02,12038620.0
2012-02-28,26.49,26.53,26.1,26.14,7547467.0
2012-02-27,26.07,26.55,25.56,26.46,8602510.0
2012-02-24,26.9,26.95,26.06,26.07,9405204.0
2012-02-23,26.69,27.26,26.26,26.79,10300886.0
2012-02-22,27.08,27.13,26.53,26.55,10694511.0
2012-02-21,27.3,27.54,26.99,27.06,8593173.0
2012-02-17,27.17,27.68,27.01,27.34,17606466.0
2012-02-16,25.29,27.26,25.27,27.17,35328455.0
2012-02-15,25.73,25.75,24.9,24.93,13328940.0
2012-02-14,25.21,25.45,25.0,25.4,9887903.0
2012-02-13,26.0,26.0,25.21,25.34,10504189.0
2012-02-10,25.48,25.52,25.25,25.5,9819060.0
2012-02-09,25.96,26.22,25.5,25.74,7440522.0
2012-02-08,26.31,26.42,25.58,25.75,17524215.0
2012-02-07,26.62,26.62,26.15,26.22,10767372.0
2012-02-06,26.47,26.83,25.95,26.7,17265856.0
2012-02-03,25.0,26.44,24.79,26.18,25528038.0
2012-02-02,24.65,24.69,24.3,24.31,6670814.0
2012-02-01,24.33,24.58,24.07,24.37,13337405.0
2012-01-31,24.53,24.59,23.95,24.02,9193250.0
2012-01-30,24.06,24.57,23.95,24.23,6322917.0
2012-01-27,23.8,24.54,23.33,24.37,14784745.0
2012-01-26,25.1,25.5,24.6,24.72,11586147.0
2012-01-25,24.89,25.01,24.38,24.92,13441671.0
2012-01-24,24.84,24.93,24.5,24.79,8351971.0
2012-01-23,25.14,25.25,24.79,24.92,8924153.0
2012-01-20,24.93,25.11,24.84,25.0,9896707.0
2012-01-19,24.69,24.98,24.45,24.82,15226577.0
2012-01-18,24.27,24.58,24.02,24.51,8919872.0
2012-01-17,24.6,24.68,24.16,24.2,9385882.0
2012-01-13,24.27,24.65,23.91,24.29,12964715.0
2012-01-12,24.35,24.82,23.76,24.67,16751370.0
2012-01-11,23.37,24.64,23.34,24.47,21946958.0
2012-01-10,23.22,23.4,22.78,23.24,13538355.0
2012-01-09,23.2,23.43,22.7,22.84,12091714.0
2012-01-06,22.26,23.03,22.24,22.92,18234608.0
2012-01-05,21.1,22.29,20.96,22.17,17884040.0
2012-01-04,21.05,21.37,20.75,21.15,7856752.0
2012-01-03,20.83,21.18,20.75,21.05,9321420.0
2011-12-30,20.12,20.37,20.05,20.27,6972557.0
2011-12-29,19.85,20.25,19.71,20.21,6891367.0
2011-12-28,20.08,20.13,19.76,19.86,7116126.0
2011-12-27,20.43,20.43,20.08,20.09,5866185.0
2011-12-23,20.81,20.89,20.45,20.5,6482024.0
2011-12-22,20.25,20.85,20.17,20.7,7288092.0
2011-12-21,19.74,20.44,19.58,20.32,13055672.0
2011-12-20,19.42,19.9,19.35,19.69,13953490.0
2011-12-19,20.12,20.23,19.0,19.05,15608874.0
2011-12-16,20.16,20.52,19.97,20.15,9117230.0
2011-12-15,19.76,20.22,19.51,20.1,10158397.0
2011-12-14,19.95,20.01,19.42,19.47,15055118.0
2011-12-13,20.96,21.0,19.95,20.11,12652180.0
2011-12-12,20.66,20.9,20.56,20.8,6281577.0
2011-12-09,21.09,21.4,21.06,21.15,6497417.0
2011-12-08,21.76,21.76,20.85,20.98,11511836.0
2011-12-07,21.62,22.11,21.48,21.94,9194797.0
2011-12-06,21.6,21.88,21.28,21.68,10668823.0
2011-12-05,21.52,21.99,21.43,21.59,9812371.0
2011-12-02,21.35,21.73,21.13,21.28,9781498.0
2011-12-01,21.24,21.77,20.93,20.96,12128433.0
2011-11-30,21.02,21.31,20.94,21.29,11152940.0
2011-11-29,20.73,20.85,20.3,20.31,7666201.0
2011-11-28,20.95,21.43,20.65,20.74,8959471.0
2011-11-25,20.22,20.71,20.21,20.34,2757591.0
2011-11-23,20.48,20.69,20.06,20.24,9594464.0
2011-11-22,20.92,21.12,20.7,20.73,7290514.0
2011-11-21,21.1,21.18,20.54,21.05,11760237.0
2011-11-18,22.01,22.18,21.62,21.68,6593808.0
2011-11-17,22.72,22.75,21.56,21.79,12693835.0
2011-11-16,23.24,23.35,22.62,22.65,9302828.0
2011-11-15,22.81,23.53,22.6,23.35,13868586.0
2011-11-14,22.56,23.29,22.51,22.99,13433506.0
2011-11-11,22.95,23.1,22.22,22.51,15439418.0
2011-11-10,22.44,22.85,21.93,22.7,15867499.0
2011-11-09,23.07,23.57,22.15,22.31,32918212.0
2011-11-08,24.2,25.17,23.98,25.04,19891750.0
2011-11-07,23.93,24.15,23.52,24.01,9804904.0
2011-11-04,23.89,23.92,23.31,23.61,9454058.0
2011-11-03,23.82,24.12,22.76,24.03,19954578.0
2011-11-02,23.7,23.73,22.92,23.2,14368637.0
2011-11-01,24.82,24.9,23.25,23.33,25371128.0
2011-10-31,25.92,26.16,25.61,25.85,8855657.0
2011-10-28,26.22,26.55,26.0,26.45,10728501.0
2011-10-27,25.87,26.47,25.2,26.06,18451353.0
2011-10-26,25.02,25.28,24.69,24.99,17497482.0
2011-10-25,24.86,25.19,24.16,24.86,11385579.0
2011-10-24,24.28,25.24,24.25,24.98,13534172.0
2011-10-21,23.4,24.38,23.2,24.35,12355145.0
2011-10-20,23.02,23.18,22.51,22.96,9488594.0
2011-10-19,23.52,23.55,22.96,23.09,7602505.0
2011-10-18,23.19,23.87,22.77,23.54,14135990.0
2011-10-17,24.17,24.19,23.15,23.18,8634067.0
2011-10-14,23.68,24.16,23.36,24.16,14754325.0
2011-10-13,23.38,23.38,22.5,23.15,9858511.0
2011-10-12,22.94,23.97,22.86,23.41,17304618.0
2011-10-11,22.43,22.69,22.28,22.5,10258983.0
2011-10-10,22.51,22.96,22.36,22.62,11301160.0
2011-10-07,22.58,22.93,21.82,22.01,14477702.0
2011-10-06,22.3,22.6,21.75,22.35,13553793.0
2011-10-05,21.33,22.29,20.76,22.27,17155984.0
2011-10-04,19.45,21.46,19.05,21.42,23843171.0
2011-10-03,20.13,20.9,19.65,19.73,13952063.0
2011-09-30,20.44,20.5,20.1,20.18,10155950.0
2011-09-29,20.72,20.97,20.12,20.76,10782902.0
2011-09-28,21.2,21.44,20.37,20.41,10120881.0
2011-09-27,21.6,21.83,21.08,21.19,11170901.0
2011-09-26,21.32,21.44,20.53,21.08,8504248.0
2011-09-23,19.77,21.28,19.77,21.0,13722360.0
2011-09-22,20.59,20.99,20.04,20.24,17287425.0
2011-09-21,22.39,22.7,21.22,21.28,9851528.0
2011-09-20,23.05,23.1,22.42,22.43,9508996.0
2011-09-19,22.15,23.17,22.05,23.05,14083851.0
2011-09-16,22.68,22.77,22.34,22.61,7938540.0
2011-09-15,22.59,22.79,22.15,22.7,8039155.0
2011-09-14,22.22,22.49,21.62,22.18,11628077.0
2011-09-13,21.87,22.33,21.5,22.0,11189680.0
2011-09-12,21.15,21.95,21.0,21.87,9326115.0
2011-09-09,22.36,22.45,21.47,21.76,11920536.0
2011-09-08,22.79,23.13,22.24,22.48,11786365.0
2011-09-07,21.82,23.04,21.82,22.86,13412140.0
2011-09-06,21.36,21.58,20.88,21.44,14286578.0
2011-09-02,22.41,22.55,21.73,22.07,14086826.0
2011-09-01,24.09,24.25,22.9,23.03,16930334.0
2011-08-31,23.87,24.49,23.83,24.03,12330896.0
2011-08-30,23.46,23.74,23.05,23.58,8145485.0
2011-08-29,23.3,23.96,23.27,23.79,10648685.0
2011-08-26,22.2,23.08,21.8,22.87,10277995.0
2011-08-25,22.49,22.74,22.1,22.3,11099867.0
2011-08-24,21.89,22.39,21.57,22.37,14527338.0
2011-08-23,21.78,22.06,21.21,22.06,20008390.0
2011-08-22,22.54,22.72,21.18,21.71,27158690.0
2011-08-19,23.25,23.85,21.71,22.16,34432821.0
2011-08-18,23.99,24.08,23.27,23.6,15863991.0
2011-08-17,26.0,26.09,24.9,24.94,12063013.0
2011-08-16,26.22,26.69,25.69,25.83,10147368.0
2011-08-15,26.03,26.54,25.79,26.42,12995802.0
2011-08-12,26.3,26.5,25.49,25.75,18861545.0
2011-08-11,24.11,26.17,24.11,25.81,25182990.0
2011-08-10,24.66,25.0,23.83,23.92,20650826.0
2011-08-09,25.09,25.56,24.0,25.54,26704594.0
2011-08-08,24.61,25.35,23.79,24.57,44351725.0
2011-08-05,26.07,26.46,24.49,26.31,34926073.0
2011-08-04,27.16,27.2,25.71,25.99,38839436.0
2011-08-03,27.03,27.17,26.13,27.17,15795368.0
2011-08-02,27.75,28.09,27.02,27.05,18226135.0
2011-08-01,28.88,28.88,27.7,28.07,12825592.0
2011-07-29,27.62,28.1,27.31,27.68,12185408.0
2011-07-28,28.22,28.9,28.02,28.1,11036024.0
2011-07-27,28.9,29.0,28.03,28.14,14554749.0
2011-07-26,29.67,29.7,28.96,29.09,9269575.0
2011-07-25,29.53,29.84,29.39,29.5,8691408.0
2011-07-22,29.97,30.29,29.88,30.1,7820074.0
2011-07-21,29.39,30.02,29.16,29.96,12229966.0
2011-07-20,29.45,29.48,29.05,29.24,6997862.0
2011-07-19,29.2,29.49,28.76,29.33,10285224.0
2011-07-18,29.57,29.65,28.62,29.1,13851051.0
2011-07-15,30.39,30.62,29.52,29.76,10402145.0
2011-07-14,30.85,30.97,30.03,30.1,10801543.0
2011-07-13,30.87,31.3,30.61,30.75,8093403.0
2011-07-12,30.24,30.94,30.02,30.68,10536792.0
2011-07-11,30.98,31.2,30.55,30.75,8377620.0
2011-07-08,31.25,31.7,31.16,31.58,9873179.0
2011-07-07,31.79,32.08,31.65,31.8,13339489.0
2011-07-06,31.37,31.68,31.09,31.19,14231629.0
2011-07-05,30.87,31.36,30.58,30.86,8837220.0
2011-07-01,30.35,30.86,29.92,30.58,18098520.0
2011-06-30,30.3,30.56,30.22,30.36,18656096.0
2011-06-29,30.79,30.79,30.25,30.3,12717000.0
2011-06-28,30.21,30.79,30.18,30.5,12698388.0
2011-06-27,29.79,30.46,29.6,30.26,15348817.0
2011-06-24,30.15,30.3,29.66,29.92,50062249.0
2011-06-23,29.53,30.2,29.32,30.14,13786010.0
2011-06-22,29.62,30.18,29.5,29.97,15523241.0
2011-06-21,29.51,30.0,29.43,29.59,12652184.0
2011-06-20,28.87,29.6,28.77,29.52,9038339.0
2011-06-17,28.73,29.06,28.57,29.0,16733519.0
2011-06-16,28.7,28.99,28.16,28.59,14083601.0
2011-06-15,28.77,29.11,28.64,28.95,11671173.0
2011-06-14,28.92,29.49,28.86,29.11,10949283.0
2011-06-13,28.9,29.08,28.29,28.59,9792670.0
2011-06-10,29.3,29.3,28.65,28.85,11734336.0
2011-06-09,29.2,29.58,28.91,29.45,13593826.0
2011-06-08,28.52,29.34,28.4,28.86,16534816.0
2011-06-07,28.89,29.04,28.39,28.78,15276191.0
2011-06-06,29.02,29.41,28.55,28.56,13418857.0
2011-06-03,29.28,29.56,28.9,29.12,21971533.0
2011-06-02,30.33,30.56,29.4,29.6,22450750.0
2011-06-01,31.7,31.7,30.15,30.23,19134780.0
2011-05-31,31.44,31.87,31.13,31.81,22943057.0
2011-05-27,30.77,31.48,30.59,31.28,9114591.0
2011-05-26,31.08,31.1,30.52,30.68,12246763.0
2011-05-25,30.56,31.38,30.5,31.27,14392391.0
2011-05-24,31.13,31.2,30.5,30.83,8779514.0
2011-05-23,30.68,31.16,30.5,30.96,8977518.0
2011-05-20,31.36,31.5,31.1,31.18,7225376.0
2011-05-19,31.53,31.79,31.31,31.47,9580975.0
2011-05-18,31.07,31.62,31.0,31.52,9953760.0
2011-05-17,31.06,31.38,30.83,31.1,11178541.0
2011-05-16,31.25,31.5,31.08,31.1,7299433.0
2011-05-13,31.46,31.54,30.85,31.07,10837515.0
2011-05-12,31.07,31.6,30.93,31.42,14134286.0
2011-05-11,31.57,31.86,31.11,31.3,9079393.0
2011-05-10,31.47,31.64,31.33,31.61,7843448.0
2011-05-09,31.74,32.06,31.36,31.39,10721229.0
2011-05-06,32.5,32.6,31.84,31.91,12805591.0
2011-05-05,32.06,32.68,31.49,32.02,26633965.0
2011-05-04,33.16,33.47,32.71,33.04,20501597.0
2011-05-03,32.38,33.2,32.36,32.99,29894823.0
2011-05-02,32.41,32.5,31.92,32.18,11014733.0
2011-04-29,31.99,32.58,31.91,32.09,13774596.0
2011-04-28,31.76,32.1,31.48,31.91,15811274.0
2011-04-27,31.47,31.79,31.28,31.78,14947256.0
2011-04-26,31.39,31.51,30.96,31.27,15690043.0
2011-04-25,31.0,31.19,30.32,31.14,15449210.0
2011-04-21,30.05,31.0,30.01,30.95,18938252.0
2011-04-20,29.76,30.38,29.42,29.93,22044900.0
2011-04-19,29.81,29.91,29.17,29.59,19918670.0
2011-04-18,30.06,30.34,29.9,29.97,12752025.0
2011-04-15,30.59,30.72,30.18,30.24,9888002.0
2011-04-14,30.65,30.86,30.35,30.58,9053802.0
2011-04-13,31.23,31.32,30.59,30.86,13785356.0
2011-04-12,30.4,31.34,30.1,31.15,19650404.0
2011-04-11,31.34,31.45,30.55,30.77,15180947.0
2011-04-08,32.4,32.75,31.32,31.52,16063592.0
2011-04-07,32.84,32.84,32.07,32.31,11245420.0
2011-04-06,33.0,33.28,32.52,32.87,8164883.0
2011-04-05,32.32,32.87,32.1,32.87,10109655.0
2011-04-04,32.5,32.72,32.2,32.39,12333931.0
2011-04-01,31.39,32.63,30.84,32.41,29888893.0
2011-03-31,31.4,31.55,31.0,31.03,8982434.0
2011-03-30,31.16,31.64,31.04,31.55,7661526.0
2011-03-29,30.93,31.17,30.68,31.1,9766596.0
2011-03-28,31.58,31.58,30.85,30.85,10308110.0
2011-03-25,31.49,31.7,31.09,31.47,15245007.0
2011-03-24,31.32,31.6,31.24,31.39,15745465.0
2011-03-23,30.6,31.28,30.2,31.16,23026191.0
2011-03-22,31.28,31.35,30.51,30.74,16995716.0
2011-03-21,32.24,32.3,31.23,31.28,13196480.0
2011-03-18,31.74,31.95,31.42,31.85,9861402.0
2011-03-17,32.18,32.39,31.33,31.44,11032104.0
2011-03-16,32.42,32.53,31.4,31.78,14158790.0
2011-03-15,30.98,32.49,30.65,32.35,21478013.0
2011-03-14,32.14,32.3,31.43,31.59,9981420.0
2011-03-11,31.25,32.06,31.24,31.93,14024947.0
2011-03-10,31.47,31.78,30.95,31.42,38336483.0
2011-03-09,32.74,32.76,32.1,32.25,11227891.0
2011-03-08,31.74,32.82,31.69,32.72,14545020.0
2011-03-07,32.35,32.5,31.52,31.7,15083555.0
2011-03-04,33.07,33.08,32.01,32.39,24246873.0
2011-03-03,33.03,33.17,32.65,33.03,17614922.0
2011-03-02,32.9,33.17,32.59,32.88,14307499.0
2011-03-01,33.69,33.75,32.43,32.95,27329754.0
2011-02-28,33.49,33.74,32.86,33.53,15891493.0
2011-02-25,33.67,34.2,33.05,33.25,29027035.0
2011-02-24,34.9,35.0,32.05,33.02,63562771.0
2011-02-23,35.85,35.94,33.8,34.59,28209336.0
2011-02-22,35.86,36.15,35.45,35.77,13944804.0
2011-02-18,36.42,36.76,36.38,36.51,6818766.0
2011-02-17,36.55,36.7,36.3,36.37,7464253.0
2011-02-16,36.11,36.84,36.02,36.75,8682405.0
2011-02-15,36.19,36.41,35.8,36.11,10336657.0
2011-02-14,36.55,36.56,35.47,36.29,7124095.0
2011-02-11,35.76,36.57,35.55,36.45,13518261.0
2011-02-10,36.17,36.64,35.52,35.88,11544935.0
2011-02-09,36.82,36.91,36.28,36.41,6400798.0
2011-02-08,36.97,37.05,36.4,36.89,6244440.0
2011-02-07,36.95,37.09,36.61,36.7,7335115.0
2011-02-04,36.25,36.73,35.89,36.59,11117733.0
2011-02-03,35.97,36.06,35.13,36.06,19355848.0
2011-02-02,36.46,36.56,35.58,35.68,17444689.0
2011-02-01,36.93,37.23,36.13,36.45,28094539.0
2011-01-31,36.89,37.05,35.89,36.49,13958195.0
2011-01-28,38.0,38.02,36.01,36.6,37136046.0
2011-01-27,38.2,38.95,38.03,38.67,13952195.0
2011-01-26,38.75,38.91,37.86,37.89,11538199.0
2011-01-25,37.85,38.49,37.71,38.4,12322634.0
2011-01-24,37.71,37.86,37.03,37.64,12202831.0
2011-01-21,37.33,37.85,36.82,37.24,9548691.0
2011-01-20,37.11,37.29,36.27,37.18,15845623.0
2011-01-19,37.78,37.93,37.26,37.4,12667643.0
2011-01-18,38.05,38.33,37.32,38.03,8919038.0
2011-01-14,38.18,38.47,38.04,38.2,5897150.0
2011-01-13,38.66,38.71,38.11,38.27,11366756.0
2011-01-12,38.95,39.37,38.37,38.62,16773869.0
2011-01-11,38.66,39.43,38.51,38.75,14865842.0
2011-01-10,39.34,39.36,38.44,38.56,18345001.0
2011-01-07,38.84,39.33,38.51,38.98,19903435.0
2011-01-06,38.24,39.48,38.07,38.9,38574796.0
2011-01-05,37.47,38.3,37.47,38.07,22504710.0
2011-01-04,37.1,37.99,36.68,37.9,32363335.0
2011-01-03,37.32,38.0,37.03,37.06,24887527.0
2010-12-31,36.84,36.96,36.57,36.86,6169578.0
2010-12-30,36.1,36.98,36.02,36.82,16992775.0
2010-12-29,35.47,36.3,35.25,36.02,20977863.0
2010-12-28,35.38,35.67,35.07,35.32,23504027.0
2010-12-27,34.41,34.89,34.19,34.6,7369560.0
2010-12-23,34.67,35.52,34.62,34.81,20530860.0
2010-12-22,33.72,34.95,33.53,34.92,20943971.0
2010-12-21,33.86,33.94,33.72,33.85,9012935.0
2010-12-20,33.91,34.05,33.74,33.76,12478176.0
2010-12-17,33.53,34.0,33.19,34.0,35682190.0
2010-12-16,33.57,33.86,33.56,33.61,9887417.0
2010-12-15,33.81,34.01,33.61,33.61,10183633.0
2010-12-14,33.73,33.92,33.45,33.89,15223980.0
2010-12-13,33.96,34.05,33.7,33.8,11098315.0
2010-12-10,33.85,33.99,33.53,33.81,11748583.0
2010-12-09,34.36,34.43,33.62,33.74,18411071.0
2010-12-08,34.61,34.73,34.33,34.45,12606033.0
2010-12-07,34.75,34.89,34.46,34.68,20823723.0
2010-12-06,34.48,34.78,34.41,34.48,11679340.0
2010-12-03,34.55,34.6,33.97,34.55,19397100.0
2010-12-02,34.92,34.98,34.51,34.68,23252038.0
2010-12-01,34.65,34.95,34.42,34.78,34636722.0
2010-11-30,33.53,34.25,33.36,34.2,57483406.0
2010-11-29,33.8,33.81,33.07,33.8,27779596.0
2010-11-26,33.41,33.81,33.21,33.8,12301247.0
2010-11-24,33.73,33.8,33.22,33.48,26147933.0
2010-11-23,33.95,33.99,33.19,33.25,31205498.0
2010-11-22,34.2,34.48,33.81,34.08,36657284.0
2010-11-19,34.15,34.5,33.11,34.26,107863195.0
2010-11-18,35.0,35.99,33.89,34.19,458097672.0
